Day,Country_Region,Last_Update,Lat,Long_,Confirmed,Deaths,Recovered,Active,Combined_Key,Incident_Rate,Case_Fatality_Ratio
2020-11-09,Jordan,2020-11-10 05:40:07,31.24,36.51,114986,1295,9033.0,104658.0,Jordan,1126.9667964959806,1.126224062059729
2020-11-10,Jordan,2020-11-11 05:25:30,31.24,36.51,120982,1386,9249.0,110347.0,Jordan,1185.7330194430342,1.1456249690036535
2020-11-11,Jordan,2020-11-12 05:25:55,31.24,36.51,126401,1467,9416.0,115518.0,Jordan,1238.844120535443,1.1605920839233868
2020-11-12,Jordan,2020-11-13 05:25:30,31.24,36.51,132086,1547,9564.0,120975.0,Jordan,1294.5622622055564,1.1712066380994202
2020-11-13,Jordan,2020-11-14 05:25:37,31.24,36.51,136555,1618,9729.0,125208.0,Jordan,1338.3625040918776,1.18487056497382
2020-11-14,Jordan,2020-11-15 05:26:53,31.24,36.51,141305,1704,9879.0,129722.0,Jordan,1384.9168001223154,1.2059021266055696
2020-11-15,Jordan,2020-11-16 05:25:57,31.24,36.51,143678,1772,10067.0,131839.0,Jordan,1408.1743463286791,1.2333133813109871
2020-11-16,Jordan,2020-11-17 05:25:54,31.24,36.51,149539,1843,10311.0,137385.0,Jordan,1465.6174471780255,1.232454409886384
2020-11-17,Jordan,2020-11-18 05:40:31,31.24,36.51,155993,1909,90267.0,63817.0,Jordan,1528.8724843528562,1.2237728616027643
2020-11-18,Jordan,2020-11-19 05:25:23,31.24,36.51,163926,1969,94896.0,67061.0,Jordan,1606.6230591759008,1.2011517391993949
2020-11-19,Jordan,2020-11-20 05:26:28,31.24,36.51,169395,2053,100280.0,67062.0,Jordan,1660.2242054896826,1.2119602113403585
2020-11-20,Jordan,2020-11-21 05:25:51,31.24,36.51,174335,2116,103834.0,68385.0,Jordan,1708.6406733613378,1.2137551266240283
2020-11-21,Jordan,2020-11-22 05:25:45,31.24,36.51,178161,2172,108353.0,67636.0,Jordan,1746.138933700802,1.2191220300739218
2020-11-22,Jordan,2020-11-23 05:25:26,31.24,36.51,183429,2236,114018.0,67175.0,Jordan,1797.7700982246647,1.2190002671333322
2020-11-23,Jordan,2020-11-24 05:27:31,31.24,36.51,188410,2302,120014.0,66094.0,Jordan,1846.5884031778448,1.2218035136139271
2020-11-24,Jordan,2020-11-25 05:27:20,31.24,36.51,192996,2380,125433.0,65183.0,Jordan,1891.5353508821795,1.2331861800244566
2020-11-25,Jordan,2020-11-26 05:27:44,31.24,36.51,198021,2442,131181.0,64398.0,Jordan,1940.7848956301689,1.2332025391246384
2020-11-26,Jordan,2020-11-27 05:26:53,31.24,36.51,203021,2509,135650.0,64862.0,Jordan,1989.7894177674718,1.2358327463661394
2020-11-27,Jordan,2020-11-28 05:25:50,31.24,36.51,207601,2570,140400.0,64631.0,Jordan,2034.677560045241,1.2379516476317551
2020-11-28,Jordan,2020-11-29 05:25:55,31.24,36.51,210709,2626,142710.0,65373.0,Jordan,2065.1387710057884,1.2462685504653337
2020-11-29,Jordan,2020-11-30 05:26:13,31.24,36.51,214307,2694,148572.0,63041.0,Jordan,2100.4024251357914,1.2570751305370331
2020-11-30,Jordan,2020-12-01 05:26:18,31.24,36.51,219430,2751,155026.0,61653.0,Jordan,2150.612458517672,1.2537027753725565
2020-12-01,Jordan,2020-12-02 05:27:41,31.24,36.51,223617,2802,162959.0,57856.0,Jordan,2191.6488453554493,1.2530353237902303
2020-12-02,Jordan,2020-12-03 05:28:22,31.24,36.51,227208,2854,168429.0,55925.0,Jordan,2226.84389315446,1.2561177423330163
2020-12-03,Jordan,2020-12-04 05:27:27,31.24,36.51,231237,2909,173369.0,54959.0,Jordan,2266.331737092699,1.2580166668828952
2020-12-04,Jordan,2020-12-05 05:27:36,31.24,36.51,234353,2960,177195.0,54198.0,Jordan,2296.871355288666,1.2630518918042442
2020-12-05,Jordan,2020-12-06 05:26:18,31.24,36.51,237513,3010,182463.0,52040.0,Jordan,2327.842213279441,1.2672990531044617
2020-12-06,Jordan,2020-12-07 05:26:14,31.24,36.51,240089,3056,187444.0,49589.0,Jordan,2353.08934308458,1.2728613139294178
2020-12-07,Jordan,2020-12-08 05:27:42,31.24,36.51,244069,3116,192033.0,48920.0,Jordan,2392.096942705873,1.2766881496625957
2020-12-08,Jordan,2020-12-09 05:28:01,31.24,36.51,247131,3162,197058.0,46911.0,Jordan,2422.107312062757,1.2794833509353338
2020-12-09,Jordan,2020-12-10 05:26:19,31.24,36.51,250219,3206,202058.0,44955.0,Jordan,2452.3725049347554,1.2812776008216802
2020-12-10,Jordan,2020-12-11 05:26:59,31.24,36.51,253121,3250,206638.0,43233.0,Jordan,2480.814729583246,1.2839709071945828
2020-12-11,Jordan,2020-12-12 05:26:19,31.24,36.51,255459,3286,209746.0,42427.0,Jordan,2503.7292441346485,1.2863120892197966
2020-12-12,Jordan,2020-12-13 05:27:20,31.24,36.51,257275,3335,213344.0,40596.0,Jordan,2521.527686574917,1.2962783014284327
2020-12-13,Jordan,2020-12-14 05:26:27,31.24,36.51,259614,3365,218467.0,37782.0,Jordan,2544.4520020307473,1.29615506097514
2020-12-14,Jordan,2020-12-15 05:26:38,31.24,36.51,262477,3407,222654.0,36416.0,Jordan,2572.511991406567,1.2980184930489147
2020-12-15,Jordan,2020-12-16 05:28:04,31.24,36.51,265024,3437,226245.0,35342.0,Jordan,2597.4748949833092,1.2968636802704658
2020-12-16,Jordan,2020-12-17 05:28:12,31.24,36.51,267585,3465,230274.0,33846.0,Jordan,2622.575011222036,1.2949156342844328
2020-12-17,Jordan,2020-12-18 05:28:18,31.24,36.51,269806,3496,233390.0,32920.0,Jordan,2644.342819955425,1.2957458321905369
2020-12-18,Jordan,2020-12-19 05:27:52,31.24,36.51,271514,3518,236550.0,31446.0,Jordan,2661.0827647175283,1.2956974594311896
2020-12-19,Jordan,2020-12-20 05:27:32,31.24,36.51,272797,3545,239126.0,30126.0,Jordan,2673.65732509796,1.2995010942202443
2020-12-20,Jordan,2020-12-21 05:27:58,31.24,36.51,274949,3568,243106.0,28275.0,Jordan,2694.748871425855,1.297695208929656
2020-12-21,Jordan,2020-12-22 05:22:33,31.24,36.51,277448,3604,246168.0,27676.0,Jordan,2719.241331590079,1.298982151610392
2020-12-22,Jordan,2020-12-23 05:22:03,31.24,36.51,279892,3627,249256.0,27009.0,Jordan,2743.194742010793,1.2958569734040273
2020-12-23,Jordan,2020-12-24 05:23:04,31.24,36.51,281983,3652,252158.0,26173.0,Jordan,2763.6884331686133,1.2951135352131158
2020-12-24,Jordan,2020-12-25 05:22:48,31.24,36.51,283690,3681,254496.0,25513.0,Jordan,2780.418577026288,1.2975430928125773
2020-12-25,Jordan,2020-12-26 05:22:28,31.24,36.51,285306,3711,256312.0,25283.0,Jordan,2796.2568385810637,1.3007087127505206
2020-12-26,Jordan,2020-12-27 05:22:55,31.24,36.51,286356,3729,258651.0,23976.0,Jordan,2806.5477882298987,1.3022252021958678
2020-12-27,Jordan,2020-12-28 05:22:06,31.24,36.51,287946,3758,261514.0,22674.0,Jordan,2822.13122626956,1.3051058184520712
2020-12-28,Jordan,2020-12-29 05:22:37,31.24,36.51,289748,3778,264061.0,21909.0,Jordan,2839.792456047844,1.3038916575783095
2020-12-29,Jordan,2020-12-30 05:22:34,31.24,36.51,291393,3801,266622.0,20970.0,Jordan,2855.914943831017,1.3044239223316965
2020-12-30,Jordan,2020-12-31 05:22:49,31.24,36.51,293067,3815,268843.0,20409.0,Jordan,2872.321657842586,1.3017501117491903
2020-12-31,Jordan,2021-01-01 05:23:07,31.24,36.51,294494,3834,270551.0,20109.0,Jordan,2886.307548460572,1.3018940963143562
2021-01-01,Jordan,2021-01-02 05:22:33,31.24,36.51,295765,3851,271834.0,20080.0,Jordan,2898.764497987874,1.302047233445472
2021-01-02,Jordan,2021-01-03 05:22:52,31.24,36.51,296668,3877,273986.0,18805.0,Jordan,2907.614714685871,1.3068480591098468
2021-01-03,Jordan,2021-01-04 05:22:02,31.24,36.51,298208,3903,276485.0,17820.0,Jordan,2922.7081075041606,1.3088180062238437
2021-01-04,Jordan,2021-01-05 05:21:49,31.24,36.51,299831,3919,278929.0,16983.0,Jordan,2938.614975389929,1.3070696492357359
2021-01-05,Jordan,2021-01-06 05:22:16,31.24,36.51,301303,3940,281020.0,16343.0,Jordan,2953.0419067071507,1.3076537571813092
2021-01-06,Jordan,2021-01-07 05:22:03,31.24,36.51,302856,3955,282727.0,16174.0,Jordan,2968.262711282997,1.305901154343979
2021-01-07,Jordan,2021-01-08 05:22:42,31.24,36.51,304071,3968,284343.0,15760.0,Jordan,2980.170810162361,1.304958381430653
2021-01-08,Jordan,2021-01-09 05:22:18,31.24,36.51,305163,3989,285393.0,15781.0,Jordan,2990.873397797149,1.3071702663822284
2021-01-09,Jordan,2021-01-10 05:22:12,31.24,36.51,305959,4009,286983.0,14967.0,Jordan,2998.6749177214074,1.310306282867966
2021-01-10,Jordan,2021-01-11 05:21:50,31.24,36.51,307209,4024,288785.0,14400.0,Jordan,3010.926048255733,1.3098574586031009
2021-01-11,Jordan,2021-01-12 05:22:15,31.24,36.51,308670,4043,290430.0,14197.0,Jordan,3025.245169624253,1.3098130689733372
2021-01-12,Jordan,2021-01-13 05:22:15,31.24,36.51,309846,4076,292104.0,13666.0,Jordan,3036.7710332309466,1.315492212260284
2021-01-13,Jordan,2021-01-14 05:22:32,31.24,36.51,310968,4091,293531.0,13346.0,Jordan,3047.767647998557,1.3155694476602091
2021-01-14,Jordan,2021-01-15 05:22:24,31.24,36.51,312043,4107,294802.0,13134.0,Jordan,3058.303620258077,1.3161647593440648
2021-01-15,Jordan,2021-01-16 05:22:40,31.24,36.51,312851,4121,295705.0,13025.0,Jordan,3066.222751035465,1.3172404754979208
2021-01-16,Jordan,2021-01-17 05:22:17,31.24,36.51,313557,4137,297245.0,12175.0,Jordan,3073.1421895612525,1.3193773380916392
2021-01-17,Jordan,2021-01-18 05:22:34,31.24,36.51,314514,4145,298868.0,11501.0,Jordan,3082.5216550983323,1.3179063571096994
2021-01-18,Jordan,2021-01-19 05:22:15,31.24,36.51,315544,4153,300340.0,11051.0,Jordan,3092.616586658617,1.316139745962528
2021-01-19,Jordan,2021-01-20 05:21:54,31.24,36.51,316427,4170,301893.0,10364.0,Jordan,3101.270785268065,1.317839501686013
2021-01-20,Jordan,2021-01-21 05:22:01,31.24,36.51,317405,4187,303108.0,10110.0,Jordan,3110.8560697981206,1.3191348592492242
2021-01-21,Jordan,2021-01-22 05:22:10,31.24,36.51,318181,4198,304200.0,9783.0,Jordan,3118.461571633831,1.3193748212495404
2021-01-22,Jordan,2021-01-23 05:22:03,31.24,36.51,318911,4207,304996.0,9708.0,Jordan,3125.616231865877,1.319176823627909
2021-01-23,Jordan,2021-01-24 05:22:35,31.24,36.51,319519,4217,306246.0,9056.0,Jordan,3131.575181757772,1.319796318841759
2021-01-24,Jordan,2021-01-25 05:22:16,31.24,36.51,320453,4224,307707.0,8522.0,Jordan,3140.729226493021,1.3181340165328457
2021-01-25,Jordan,2021-01-26 05:22:02,31.24,36.51,321298,4239,308883.0,8176.0,Jordan,3149.010990734225,1.3193359435788583
2021-01-26,Jordan,2021-01-27 05:23:41,31.24,36.51,322241,4248,310005.0,7988.0,Jordan,3158.25324360932,1.3182680043818136
2021-01-27,Jordan,2021-01-28 05:22:24,31.24,36.51,323111,4262,311080.0,7769.0,Jordan,3166.780030461211,1.3190513476792805
2021-01-28,Jordan,2021-01-29 05:22:23,31.24,36.51,324169,4269,311888.0,8012.0,Jordan,3177.1493873454638,1.3169056880824508
2021-01-29,Jordan,2021-01-30 05:22:49,31.24,36.51,325033,4281,312594.0,8158.0,Jordan,3185.6173687707897,1.3170970332243188
2021-01-30,Jordan,2021-01-31 05:22:42,31.24,36.51,325674,4304,313551.0,7819.0,Jordan,3191.8997485087925,1.3215669657387448
2021-01-31,Jordan,2021-02-01 05:22:53,31.24,36.51,326855,4316,314581.0,7958.0,Jordan,3203.4746166376235,1.320463202337428
2021-02-01,Jordan,2021-02-02 05:22:49,31.24,36.51,328062,4326,315464.0,8272.0,Jordan,3215.3043082815684,1.3186531814108309
2021-02-02,Jordan,2021-02-03 05:22:52,31.24,36.51,329194,4334,316442.0,8418.0,Jordan,3226.398932093453,1.3165489042935168
2021-02-03,Jordan,2021-02-04 05:22:26,31.24,36.51,330474,4344,317218.0,8912.0,Jordan,3238.944089760603,1.3144755714519143
2021-02-04,Jordan,2021-02-05 05:22:38,31.24,36.51,331768,4354,317948.0,9466.0,Jordan,3251.626460089737,1.312362855971643
2021-02-05,Jordan,2021-02-06 05:23:55,31.24,36.51,332990,4362,318556.0,10072.0,Jordan,3263.6031653000928,1.3099492477251569
2021-02-06,Jordan,2021-02-07 05:23:00,31.24,36.51,333855,4369,319490.0,9996.0,Jordan,3272.0809476298473,1.308651959683096
2021-02-07,Jordan,2021-02-08 05:22:39,31.24,36.51,335154,4379,320335.0,10440.0,Jordan,3284.812322481119,1.3065635498904982
2021-02-08,Jordan,2021-02-09 05:23:30,31.24,36.51,336839,4385,321278.0,11176.0,Jordan,3301.326846441389,1.3018088760505762
2021-02-09,Jordan,2021-02-10 05:22:41,31.24,36.51,338322,4395,322148.0,11779.0,Jordan,3315.8615877073134,1.2990582935783073
2021-02-10,Jordan,2021-02-11 05:23:55,31.24,36.51,340177,4411,323206.0,12560.0,Jordan,3334.0422654202534,1.296677905913686
2021-02-11,Jordan,2021-02-12 05:23:29,31.24,36.51,341984,4421,324070.0,13493.0,Jordan,3351.7524997206733,1.2927505380368671
2021-02-12,Jordan,2021-02-13 05:22:12,31.24,36.51,343563,4433,324711.0,14419.0,Jordan,3367.2281278116343,1.2903019242467904
2021-02-13,Jordan,2021-02-14 05:23:43,31.24,36.51,344803,4444,325892.0,14467.0,Jordan,3379.381249301686,1.2888518951401235
2021-02-14,Jordan,2021-02-15 05:24:49,31.24,36.51,347250,4455,327099.0,15696.0,Jordan,3403.3640624356817,1.2829373650107991
2021-02-15,Jordan,2021-02-16 05:24:38,31.24,36.51,349562,4473,328231.0,16858.0,Jordan,3426.0237534719704,1.2796013296639794
2021-02-16,Jordan,2021-02-17 05:23:10,31.24,36.51,352219,4491,329511.0,18217.0,Jordan,3452.064756535733,1.275058983189436
2021-02-17,Jordan,2021-02-18 05:22:58,31.24,36.51,355106,4503,330805.0,19798.0,Jordan,3480.359967617812,1.2680720686217637
2021-02-18,Jordan,2021-02-19 05:24:16,31.24,36.51,356744,4512,332027.0,20205.0,Jordan,3496.413849069992,1.2647724979256834
2021-02-19,Jordan,2021-02-20 05:22:51,31.24,36.51,357611,4528,332892.0,20191.0,Jordan,3504.911233208601,1.2661802908747215
2021-02-20,Jordan,2021-02-21 05:24:33,31.24,36.51,359811,4543,334191.0,21077.0,Jordan,3526.4732229490137,1.2626073132839184
2021-02-21,Jordan,2021-02-22 05:24:21,31.24,36.51,363728,4554,335876.0,23298.0,Jordan,3564.863365591377,1.252034487309198
2021-02-22,Jordan,2021-02-23 05:23:41,31.24,36.51,368278,4570,337359.0,26349.0,Jordan,3609.4574807363215,1.240910399209293
2021-02-23,Jordan,2021-02-24 05:29:16,31.24,36.51,372417,4589,339214.0,28614.0,Jordan,3650.023424161581,1.2322208706906506
2021-02-24,Jordan,2021-02-25 05:24:57,31.24,36.51,376441,4611,341021.0,30809.0,Jordan,3689.4622635776814,1.224893143945532
2021-02-25,Jordan,2021-02-26 05:22:40,31.24,36.51,380268,4627,342600.0,33041.0,Jordan,3726.9703248215746,1.2167734334732347
2021-02-26,Jordan,2021-02-27 05:22:28,31.24,36.51,383912,4650,343840.0,35422.0,Jordan,3762.684820555241,1.2112150701202358
2021-02-27,Jordan,2021-02-28 05:22:20,31.24,36.51,386496,4675,346287.0,35534.0,Jordan,3788.0103575957987,1.2095856102003644
2021-02-28,Jordan,2021-03-01 05:23:01,31.24,36.51,391090,4701,348599.0,37790.0,Jordan,3833.035712535553,1.2020251093098775
2021-03-01,Jordan,2021-03-02 05:23:30,31.24,36.51,397158,4727,351256.0,41175.0,Jordan,3892.5076006013833,1.1902064165898711
2021-03-02,Jordan,2021-03-03 05:23:28,31.24,36.51,402282,4756,354143.0,43383.0,Jordan,3942.727434887691,1.1822552338906538
2021-03-03,Jordan,2021-03-04 05:24:24,31.24,36.51,407617,4793,355781.0,47043.0,Jordan,3995.015260008193,1.1758587105052047
2021-03-04,Jordan,2021-03-05 05:26:29,31.24,36.51,413350,4833,356648.0,51869.0,Jordan,4051.2038450908253,1.1692270472964799
2021-03-05,Jordan,2021-03-06 04:23:41,31.24,36.51,417934,4862,358848.0,54224.0,Jordan,4096.131190986303,1.1633415802495128
2021-03-06,Jordan,2021-03-07 05:21:54,31.24,36.51,421415,4900,362765.0,53750.0,Jordan,4130.248139298295,1.1627493088760483
2021-03-07,Jordan,2021-03-08 05:24:48,31.24,36.51,427717,4935,367315.0,55467.0,Jordan,4192.01343900015,1.1538002931845122
2021-03-08,Jordan,2021-03-09 05:28:19,31.24,36.51,435130,4987,371454.0,58689.0,Jordan,4264.667543520916,1.1460942706777284
2021-03-09,Jordan,2021-03-10 05:24:35,31.24,36.51,442202,5046,375478.0,61678.0,Jordan,4333.979539631917,1.141107457677713
2021-03-10,Jordan,2021-03-11 05:25:48,31.24,36.51,448851,5106,379305.0,64440.0,Jordan,4399.1457531701035,1.1375712652973926
2021-03-11,Jordan,2021-03-12 05:26:50,31.24,36.51,457151,5169,382949.0,69033.0,Jordan,4480.4932599180265,1.1306986094310194
2021-03-12,Jordan,2021-03-13 05:25:15,31.24,36.51,464856,5224,385533.0,74099.0,Jordan,4556.009228531609,1.1237888722529128
2021-03-13,Jordan,2021-03-14 05:25:37,31.24,36.51,469000,5285,390127.0,73588.0,Jordan,4596.624176479006,1.126865671641791
2021-03-14,Jordan,2021-03-15 05:25:51,31.24,36.51,477053,5346,396195.0,75512.0,Jordan,4675.5508598333445,1.120630202514186
2021-03-15,Jordan,2021-03-16 05:25:13,31.24,36.51,486470,5428,401319.0,79723.0,Jordan,4767.84597682674,1.1157933685530457
2021-03-16,Jordan,2021-03-17 05:25:07,31.24,36.51,495380,5497,406654.0,83229.0,Jordan,4855.172035275416,1.1096531955266664
2021-03-17,Jordan,2021-03-18 05:26:22,31.24,36.51,504915,5553,412387.0,86975.0,Jordan,4948.623658991251,1.0997890734083955
2021-03-18,Jordan,2021-03-19 05:26:09,31.24,36.51,514107,5627,416971.0,91509.0,Jordan,5038.713572488469,1.094519234322816
2021-03-19,Jordan,2021-03-20 05:25:46,31.24,36.51,521461,5701,420452.0,95308.0,Jordan,5110.789423648014,1.0932744730670174
2021-03-20,Jordan,2021-03-21 05:25:44,31.24,36.51,526666,5788,426754.0,94124.0,Jordan,5161.803131192946,1.0989887328971302
2021-03-21,Jordan,2021-03-22 05:25:43,31.24,36.51,535455,5876,434167.0,95412.0,Jordan,5247.943280205897,1.0973844674155624
2021-03-22,Jordan,2021-03-23 05:26:18,31.24,36.51,544724,5985,441239.0,97500.0,Jordan,5338.78786334403,1.0987215544018625
2021-03-23,Jordan,2021-03-24 05:25:40,31.24,36.51,553727,6077,447888.0,99762.0,Jordan,5427.025405904456,1.0974722200651224
2021-03-24,Jordan,2021-03-25 05:27:00,31.24,36.51,562857,6181,456188.0,100488.0,Jordan,5516.507663327172,1.0981474868394636
2021-03-25,Jordan,2021-03-26 05:26:55,31.24,36.51,571290,6277,463893.0,101120.0,Jordan,5599.158690363946,1.098741444800364
2021-03-26,Jordan,2021-03-27 05:25:04,31.24,36.51,577734,6374,468037.0,103323.0,Jordan,5662.315718494503,1.1032759020587328
2021-03-27,Jordan,2021-03-28 05:28:10,31.24,36.51,582133,6472,476090.0,99571.0,Jordan,5705.429897070902,1.1117734263475871
2021-03-28,Jordan,2021-03-29 04:28:35,31.24,36.51,589316,6554,485507.0,97255.0,Jordan,5775.829793573351,1.112136782303552
2021-03-29,Jordan,2021-03-30 04:26:23,31.24,36.51,597256,6651,494417.0,96188.0,Jordan,5853.648974727388,1.1135928312147554
2021-03-30,Jordan,2021-03-31 04:26:25,31.24,36.51,605007,6747,503952.0,94308.0,Jordan,5929.615784944634,1.1151937085025465
2021-03-31,Jordan,2021-04-01 04:27:05,31.24,36.51,611577,6858,513144.0,91575.0,Jordan,5994.00772703305,1.1213632952187542
2021-04-01,Jordan,2021-04-02 04:20:36,31.24,36.51,618059,6940,520498.0,90621.0,Jordan,6057.53718953185,1.122870146701205
2021-04-02,Jordan,2021-04-03 04:20:44,31.24,36.51,622833,7039,525703.0,90091.0,Jordan,6104.3267072685485,1.1301584855009288
2021-04-03,Jordan,2021-04-04 04:20:49,31.24,36.51,626875,7130,534492.0,85253.0,Jordan,6143.941962964344,1.1373878364905283
2021-04-04,Jordan,2021-04-05 04:20:35,31.24,36.51,632907,7201,543761.0,81945.0,Jordan,6203.061018470785,1.1377658960953192
2021-04-05,Jordan,2021-04-06 04:20:32,31.24,36.51,639444,7283,552764.0,79397.0,Jordan,6267.129530713095,1.1389582199535846
2021-04-06,Jordan,2021-04-07 04:20:53,31.24,36.51,645449,7383,561894.0,76172.0,Jordan,6325.983961799995,1.143854897908278
2021-04-07,Jordan,2021-04-08 04:21:13,31.24,36.51,650681,7469,570327.0,72885.0,Jordan,6377.262293764466,1.1478743039984265
2021-04-08,Jordan,2021-04-09 04:21:13,31.24,36.51,655456,7565,576771.0,71120.0,Jordan,6424.061612405593,1.1541583264170288
2021-04-09,Jordan,2021-04-10 04:20:59,31.24,36.51,659250,7646,581170.0,70434.0,Jordan,6461.246243803378,1.1598028062191883
2021-04-10,Jordan,2021-04-11 04:20:56,31.24,36.51,662395,7708,588353.0,66334.0,Jordan,6492.0700882277415,1.1636561266313907
2021-04-11,Jordan,2021-04-12 04:21:00,31.24,36.51,665735,7773,596293.0,61669.0,Jordan,6524.80510901546,1.1675816954193483
2021-04-12,Jordan,2021-04-13 04:20:37,31.24,36.51,669300,7855,604044.0,57401.0,Jordan,6559.7453332993555,1.173614223815927
2021-04-13,Jordan,2021-04-14 04:20:41,31.24,36.51,672090,7937,610614.0,53539.0,Jordan,6587.089856651972,1.18094302846345
2021-04-14,Jordan,2021-04-15 04:20:54,31.24,36.51,676175,7987,617096.0,51092.0,Jordan,6627.126551238148,1.181203090915813
2021-04-15,Jordan,2021-04-16 04:20:46,31.24,36.51,679138,8057,621870.0,49211.0,Jordan,6656.1666310567125,1.1863568229137524
2021-04-16,Jordan,2021-04-17 04:20:40,31.24,36.51,681870,8117,625912.0,47841.0,Jordan,6682.9427019525365,1.190402862715767
2021-04-17,Jordan,2021-04-18 04:20:41,31.24,36.51,683466,8178,631944.0,43344.0,Jordan,6698.584945418764,1.1965481823528896
2021-04-18,Jordan,2021-04-19 04:20:57,31.24,36.51,685973,8246,638481.0,39246.0,Jordan,6723.155812818407,1.2020881288330592
2021-04-19,Jordan,2021-04-20 04:20:41,31.24,36.51,689482,8308,644486.0,36688.0,Jordan,6757.547186454366,1.2049625661003478
2021-04-20,Jordan,2021-04-21 04:21:14,31.24,36.51,692181,8372,649718.0,34091.0,Jordan,6783.999827504082,1.2095102292608435
2021-04-21,Jordan,2021-04-22 04:20:53,31.24,36.51,695390,8429,654493.0,32468.0,Jordan,6815.450929811803,1.2121255698241276
2021-04-22,Jordan,2021-04-23 04:20:52,31.24,36.51,697487,8474,658287.0,30726.0,Jordan,6836.003426396188,1.2149330381784893
2021-04-23,Jordan,2021-04-24 04:20:38,31.24,36.51,699164,8514,661432.0,29218.0,Jordan,6852.43954312104,1.2177400438237669
2021-04-24,Jordan,2021-04-25 04:20:32,31.24,36.51,700423,8563,664772.0,27088.0,Jordan,6864.778881795212,1.2225469466308216
2021-04-25,Jordan,2021-04-26 04:21:04,31.24,36.51,702154,8615,668337.0,25202.0,Jordan,6881.744247359145,1.226938819689128
2021-04-26,Jordan,2021-04-27 04:20:52,31.24,36.51,704540,8660,671127.0,24753.0,Jordan,6905.129205323066,1.229170806483663
2021-04-27,Jordan,2021-04-28 04:20:32,31.24,36.51,706355,8707,675212.0,22436.0,Jordan,6922.917846858907,1.2326662938607358
2021-04-28,Jordan,2021-04-29 04:20:55,31.24,36.51,708265,8754,678175.0,21336.0,Jordan,6941.637574315358,1.2359780590598153
2021-04-29,Jordan,2021-04-30 04:21:03,31.24,36.51,709817,8801,680907.0,20109.0,Jordan,6956.848577986777,1.2398970438859591
2021-04-30,Jordan,2021-05-01 04:20:47,31.24,36.51,711373,8836,682503.0,20034.0,Jordan,6972.098785275904,1.242105055997346
2021-05-01,Jordan,2021-05-02 04:20:48,31.24,36.51,712077,8871,685010.0,18196.0,Jordan,6978.998621992838,1.2457922387606961
2021-05-02,Jordan,2021-05-03 04:20:39,31.24,36.51,712901,8897,688519.0,15485.0,Jordan,6987.074567241065,1.2479993715817483
2021-05-03,Jordan,2021-05-04 04:20:34,31.24,36.51,714173,8925,691218.0,14030.0,Jordan,6999.541317672795,1.24969720221851
2021-05-04,Jordan,2021-05-05 04:20:43,31.24,36.51,715703,8955,694427.0,12321.0,Jordan,7014.536701446809,1.2512173345647566
2021-05-05,Jordan,2021-05-06 04:20:38,31.24,36.51,716923,8988,696524.0,11411.0,Jordan,7026.493804848312,1.2536911216406783
2021-05-06,Jordan,2021-05-07 04:20:40,31.24,36.51,717930,9014,698201.0,10715.0,Jordan,7036.3633156067635,1.2555541626620979
2021-05-07,Jordan,2021-05-08 04:21:04,31.24,36.51,718632,9047,699460.0,10125.0,Jordan,7043.243550514841,1.2589197252557638
2021-05-08,Jordan,2021-05-09 04:20:35,31.24,36.51,719233,9076,701191.0,8966.0,Jordan,7049.133894075745,1.2618998294015986
2021-05-09,Jordan,2021-05-10 04:20:38,31.24,36.51,719233,9076,703577.0,6580.0,Jordan,7049.133894075745,1.2618998294015986
2021-05-10,Jordan,2021-05-11 04:20:41,31.24,36.51,720998,9125,705392.0,6481.0,Jordan,7066.4324903902125,1.2656068394087086
2021-05-11,Jordan,2021-05-12 04:21:29,31.24,36.51,721853,9151,707302.0,5400.0,Jordan,7074.812263675693,1.2677096306311673
2021-05-12,Jordan,2021-05-13 04:20:51,31.24,36.51,721853,9151,708854.0,3848.0,Jordan,7074.812263675693,1.2677096306311673
2021-05-13,Jordan,2021-05-14 04:20:41,31.24,36.51,722754,9203,710410.0,3141.0,Jordan,7083.642878564834,1.2733239802201026
2021-05-14,Jordan,2021-05-15 04:20:58,31.24,36.51,722754,9203,710445.0,3106.0,Jordan,7083.642878564834,1.2733239802201026
2021-05-15,Jordan,2021-05-16 04:20:49,31.24,36.51,722754,9203,710445.0,3106.0,Jordan,7083.642878564834,1.2733239802201026
2021-05-16,Jordan,2021-05-17 04:20:34,31.24,36.51,724154,9259,710445.0,4450.0,Jordan,7097.364144763279,1.27859543688221
2021-05-17,Jordan,2021-05-18 04:20:33,31.24,36.51,725258,9276,710445.0,5537.0,Jordan,7108.184343251195,1.278993130720378
2021-05-18,Jordan,2021-05-19 04:20:42,31.24,36.51,726432,9295,710445.0,6692.0,Jordan,7119.690605049034,1.2795416501475705
2021-05-19,Jordan,2021-05-20 04:21:05,31.24,36.51,726432,9295,710445.0,6692.0,Jordan,7119.690605049034,1.2795416501475705
2021-05-20,Jordan,2021-05-21 04:20:43,31.24,36.51,726432,9295,710445.0,6692.0,Jordan,7119.690605049034,1.2795416501475705
2021-05-21,Jordan,2021-05-22 04:20:45,31.24,36.51,726432,9295,710445.0,6692.0,Jordan,7119.690605049034,1.2795416501475705
2021-05-22,Jordan,2021-05-23 04:20:51,31.24,36.51,726432,9295,710445.0,6692.0,Jordan,7119.690605049034,1.2795416501475705
2021-05-23,Jordan,2021-05-24 04:20:53,31.24,36.51,726432,9295,710608.0,6529.0,Jordan,7119.690605049034,1.2795416501475705
2021-05-24,Jordan,2021-05-25 04:21:08,31.24,36.51,731436,9384,711614.0,10438.0,Jordan,7168.734330804045,1.282955719980969
